,DeviceId,name
19,KhiCw+cIev5Mjhc6wgc7ATa+BIs=,Lockwood 1
10,7zwqYoqR2fJ+r/HnYOzUzd4Qo00=,Lockwood 2
9,iEKQmn5crDDlXpZhMcVKCwi8+iY=,Lockwood 3
13,BPi2xjrTjVp/Ywfaw9vTx+ON+Fs=,N Madison 1
14,CEAxz7/70c7qbmE5eEhXfLXhCbo=,N Madison 3
1,IphKyLkGgBd/Tf7sqKywkkf6Fyo=,N Madison 4
20,r/rEpnbV1GMdHV/i7PCB4wPRh3c=,N Virgil 1
16,4w5qByA+6AI5oBEORbjQ7kaZcaw=,N Virgil 2
6,YwwH7IfO3VPDx+QM/C+eZqh++no=,N Virgil 3
4,YFqBN0qUaGU7+uEG0wFs7W4gEow=,N Virgil 4
5,vxmiIVGoww7+YlbyeTZA+CEbuUw=,N Westmoreland 2
11,C7jqMuyFZU777IFwIfQ/MKn/LIg=,N Westmoreland 3
21,Te+haMWI01++CM7wNX4NLB+NRUY=,N Westmoreland 3
3,xToelU2ZCAt0Ejj05yj++dQHYyU=,N Westmoreland 4
17,gFY3K8bU3pWc6gBj6N0C8Vj5DNU=,S Monica 1
8,r8+xYX3eAXzyYY8nyL/4Q2zKjaM=,S Monica 2
2,3/Z7SVuoEemK35lIIKpgWOygBNM=,S Monica 4
18,aGPOgG3Nt4qhhy95FBVDf2LQ9z8=,Willow Brook 1
12,RNJWQJDgmZI2M5v/U0ypb82QgQc=,Willow Brook 2
7,gFmwXd6cqjGHJEK/C1KrmPUvYlA=,Willow Brook 3
15,X+qK5m1wCiDjw187iNscr17wTAU=,Willow Brook 4